{"cameraMode":{"drawMode":0,"name":"Shaded","section":"Shading Mode"},"sceneLighting":false,"audioPlay":false,"sceneViewState":{"showFog":true,"showMaterialUpdate":true,"showSkybox":false,"showFlares":true,"showImageEffects":true,"showParticleSystems":true},"in2DMode":false,"pivot":{"x":1.3624955415725709,"y":1.2071750164031983,"z":0.2716969847679138},"rotation":{"x":0.30778586864471438,"y":-0.07213576138019562,"z":0.02341466024518013,"w":0.9484334588050842},"size":6.465366363525391,"orthographic":false}