{"cameraMode":{"drawMode":0,"name":"Shaded","section":"Shading Mode"},"sceneLighting":false,"audioPlay":false,"sceneViewState":{"showFog":true,"showMaterialUpdate":true,"showSkybox":false,"showFlares":true,"showImageEffects":true,"showParticleSystems":true},"in2DMode":false,"pivot":{"x":1.8507447242736817,"y":0.26499998569488528,"z":-5.364418029785156e-7},"rotation":{"x":0.2364826649427414,"y":0.020974060520529748,"z":-0.005102194845676422,"w":0.9714069366455078},"size":19.284379959106447,"orthographic":false}